"ID","RLH"
1,0.525550577672644
2,0.506124776370529
3,0.493626496770991
4,0.503091286270205
5,0.506355159076619
6,0.542143408499775
7,0.512003162579956
8,0.498880175143374
9,0.525347570874214
10,0.51957666983809
11,0.488477620420623
12,0.567699178896431
13,0.517941425408678
14,0.548051173567651
15,0.503270666229725
16,0.499865375940351
17,0.501161801521093
18,0.538137377929905
19,0.540595754296398
20,0.513806558464624
21,0.527443262479536
22,0.53705797907541
23,0.519909612573997
24,0.49956267439722
25,0.498650662234517
26,0.525420664989849
27,0.536439045110137
28,0.523081651433547
29,0.522333739324715
30,0.522774584215786
31,0.521953806717841
32,0.528217784013407
33,0.51731971486647
34,0.554069278391201
35,0.490560327599552
36,0.508763779245516
37,0.546034027433388
38,0.498470647481351
39,0.527935162678994
40,0.524062645825539
41,0.52077241481941
42,0.536864062396834
43,0.532402761445336
44,0.538791875468748
45,0.503346828347424
46,0.495452171618744
47,0.516425543142023
48,0.504271237993944
49,0.515037007063069
50,0.504939207611664
51,0.560361712061418
52,0.545905338644635
53,0.561086528362062
54,0.526479694818678
55,0.548265448236672
56,0.591152265017234
57,0.515651894864971
58,0.489368965401676
59,0.525270855847446
60,0.49185766058358
61,0.545948451125617
62,0.551779888884175
63,0.531877505479204
64,0.496797850001392
65,0.499139054726236
66,0.523182314804651
67,0.503248209539924
68,0.530284436788075
69,0.522584801837513
70,0.542502758668445
71,0.546320830147619
72,0.501767165492762
73,0.504481321924152
74,0.532132395638752
75,0.508012924842719
76,0.510931822326709
77,0.502290166323598
78,0.563181651087003
79,0.538254373648229
80,0.519092272801335
81,0.509254301531684
82,0.525590966295428
83,0.523060065040789
84,0.496177536487706
85,0.496420788184571
86,0.526917989628764
87,0.516998936134077
88,0.487325673252721
89,0.574166692417872
90,0.535416859285969
91,0.510090112857546
92,0.519063634320649
93,0.497198157031556
94,0.531411189469651
95,0.527114726440615
96,0.500809591370954
97,0.500073131819029
98,0.514456012672195
99,0.520577607490975
100,0.511586875376547
101,0.513115774648482
102,0.552042185403069
103,0.519481863600003
104,0.532391567357779
105,0.513471551689123
106,0.580655895102939
107,0.541650849706476
108,0.510556311158539
109,0.513471658918473
110,0.498480016506429
111,0.536488759877754
112,0.503323062560206
113,0.527985514880435
114,0.496970960249529
115,0.598827237972422
116,0.504432963809388
117,0.515712841810906
118,0.538639047291546
119,0.538059540703649
120,0.514490019610152
121,0.55880219427472
122,0.498594674208711
123,0.492733688548139
124,0.498224357977274
125,0.53436211784063
126,0.534737535171505
127,0.519473226699245
128,0.514998270718669
129,0.529239280100968
130,0.491715574199309
131,0.537311289796263
132,0.504982066381886
133,0.503927131834757
134,0.497732328644208
135,0.50923126870157
136,0.5095086916963
137,0.524145311853662
138,0.525318131306384
139,0.501005636780231
140,0.528000890328965
141,0.504989378274075
142,0.496676806204904
143,0.506994152885821
144,0.50752508248953
145,0.517427199401133
146,0.53074793637233
147,0.547507142343369
148,0.517055072387264
149,0.519896382505441
150,0.543434095238399
151,0.540395269175427
152,0.505953143972905
153,0.509674628887822
154,0.527746369782084
155,0.532140368798086
156,0.504523627000845
157,0.62916347806552
158,0.531944099418637
159,0.529972749771123
160,0.518704181087296
161,0.53985576813233
162,0.519941379718938
163,0.523292350834024
164,0.524787738872986
165,0.512609940068761
166,0.502548067377072
167,0.556811914695796
168,0.515259267466247
169,0.547367405946455
170,0.530256004944291
171,0.557227217150044
172,0.534677653340345
173,0.525354147992982
174,0.492642104104068
175,0.543679910028884
176,0.495300205359232
177,0.52963649711031
178,0.504623365547681
179,0.49244702317863
180,0.505555587813809
181,0.500462749570895
182,0.563961545602105
183,0.529107676357103
184,0.521810453426041
185,0.51092093455931
186,0.57338594721082
187,0.501377151750328
188,0.519028044475137
189,0.511041048244735
190,0.525577574652131
191,0.516671449540581
192,0.511672106847165
193,0.516759661029424
194,0.537816169828928
195,0.520132554294315
196,0.512340049075944
197,0.496302998270333
198,0.501573623545437
199,0.507661070560889
200,0.580025409337907
201,0.52777371848934
202,0.502665139740794
203,0.534352706495422
204,0.559620123793636
205,0.512035679209446
206,0.520481492695209
207,0.531012157407034
208,0.533632000718613
209,0.541888188657552
210,0.484843801896156
211,0.501845418576677
212,0.515565023976284
213,0.498305777097805
214,0.496223992417078
215,0.589244568707295
216,0.51311684408611
217,0.509023695691137
218,0.548498521893162
219,0.528548387248428
220,0.51593757331336
221,0.574541847917744
222,0.500381155626711
223,0.510696169645829
224,0.48556567500052
225,0.499189720513658
226,0.524802237533056
227,0.504493321529613
228,0.50678755385878
229,0.535912602043145
230,0.499400089925945
231,0.527314038634019
232,0.559558050948066
233,0.51391118734435
234,0.516545179366434
235,0.529514235268328
236,0.543297091460931
237,0.5585789813636
238,0.500208102323507
239,0.525252963277962
240,0.547703381440486
241,0.511197034811736
242,0.499335612891597
243,0.504571743736744
244,0.50602202826769
245,0.51412910410389
246,0.50738626325342
247,0.520186116229425
248,0.505921932784326
249,0.5209141354025
250,0.512879448628594
251,0.527650181395415
252,0.502352417898939
253,0.599075781171752
254,0.508148391664627
255,0.50846996523458
256,0.552174849982873
257,0.52057896237745
258,0.57017776797938
259,0.50479416435544
260,0.564881698644562
261,0.516611312746983
262,0.535025936959184
263,0.491943345310536
264,0.508827388737247
265,0.568264335118863
266,0.480857021004783
267,0.503499568478354
268,0.507648311790301
269,0.513457971722805
270,0.500417150047526
271,0.486903823650481
272,0.542189508855455
273,0.514792670980329
274,0.571083086229807
275,0.534043848783196
276,0.484039119975814
277,0.512743664096745
278,0.4905940809684
279,0.489246148650312
280,0.535398118754017
281,0.551798160927692
282,0.523048867863036
283,0.518046144455161
284,0.539542341652179
285,0.505890714349736
286,0.563984965550762
287,0.50659539194694
288,0.520451187036511
289,0.51688107498215
290,0.505873031606728
291,0.543618733508165
292,0.518452702683077
293,0.600284174537058
294,0.554480262913716
295,0.522056810779442
296,0.549753890191277
297,0.5207112809982
298,0.529526740378507
299,0.508295234781183
300,0.523010114151559
301,0.505853205027839
302,0.50337887004133
303,0.547363797337208
304,0.507507444253943
305,0.530708996642181
306,0.541734453682964
307,0.547816016903853
308,0.492649157497622
309,0.517227056624892
310,0.548684747350801
311,0.515068289860536
312,0.49311112584154
313,0.50509024652384
314,0.501524936060422
315,0.494828644722292
316,0.522970955672356
317,0.536870067908845
318,0.5000668674218
319,0.529073479077641
320,0.530375745127022
321,0.542773642456277
322,0.539683790473966
323,0.50472281594496
324,0.517088764380342
325,0.503041035294921
326,0.551576099020021
327,0.497108775140602
328,0.506466688104497
329,0.551242721835384
330,0.528671162942264
331,0.557237893303257
332,0.552666005049108
333,0.502833456508173
334,0.520650198624311
335,0.531446556183931
336,0.513458763250061
337,0.513441088742884
338,0.521172099699633
339,0.499580987018525
340,0.50307884971967
341,0.535700368204088
342,0.536714177007813
343,0.523671101307432
344,0.489662493258233
345,0.571526984314493
346,0.506607040800231
347,0.500782402947154
348,0.53839853578241
349,0.52794169257432
350,0.546116309515021
351,0.557191362704861
352,0.529053514936385
353,0.51557898651957
354,0.533384893726343
355,0.528393074125798
356,0.580875303909548
357,0.510631255888269
358,0.497525714184996
359,0.548081824698824
360,0.52285724885078
361,0.512633480225314
362,0.545631662375677
363,0.480453672347049
364,0.508437860227189
365,0.490106569631875
366,0.549104983431433
367,0.503283821238621
368,0.495117095829209
369,0.493048050677155
370,0.498106541606804
371,0.508287090137806
372,0.51654776084467
373,0.509104229588426
374,0.515621182793202
375,0.527015849628697
376,0.544818974180781
377,0.51879095005885
378,0.487398363441937
379,0.517002774106379
380,0.521508744412286
381,0.49603190726451
382,0.512070680460685
383,0.519675491486142
384,0.566377455590762
385,0.54582021790916
386,0.513297091228545
387,0.521462389812016
388,0.504937421576844
389,0.511379319003576
390,0.550893163102063
391,0.488437597470749
392,0.504420329774598
393,0.496528222689294
394,0.499777078080737
395,0.514119563215585
396,0.49879452907473
397,0.496057560867579
398,0.53068916989221
399,0.531999513602576
400,0.497058766249024
401,0.505509061445551
402,0.537820548051452
403,0.513245655671294
404,0.52448796094285
405,0.527355619335172
406,0.568253154746327
407,0.498319698639853
408,0.538838175275325
409,0.498405531420473
410,0.540832352424072
411,0.550139379520882
412,0.562160866215151
413,0.555450681182308
414,0.527724710084109
415,0.55313130508579
416,0.520118497059145
417,0.545159330461093
418,0.522133052606124
419,0.491965297023851
420,0.51044880780104
421,0.524972331489416
422,0.481338047693699
423,0.491983994908876
424,0.563642935813378
425,0.534848579047941
426,0.484573506149236
427,0.528167417840364
428,0.510823898513529
429,0.506201639823887
430,0.539934484774362
431,0.516107549938244
432,0.536694434597169
433,0.536203835556335
434,0.515771487810071
435,0.552666462123836
436,0.505224836721427
437,0.522613361370055
438,0.505976862313736
439,0.506627721318866
440,0.542431058735044
441,0.493012508536182
442,0.515554587101765
443,0.518955172292264
444,0.513879260065412
445,0.520126219710734
446,0.574003105604202
447,0.534662078059237
448,0.566339954444363
449,0.491252166361449
450,0.512509854996106
451,0.49598149919719
452,0.519490186971844
453,0.538376679164334
454,0.536715178370885
455,0.518583330581133
456,0.51273227768831
457,0.590312593858128
458,0.530035922044789
459,0.520274440616475
460,0.556680011092989
461,0.555790846343172
462,0.533114140220365
463,0.560810745179774
464,0.514247570516932
465,0.522546751274886
466,0.539856144553206
467,0.531447438121863
468,0.501858294800385
469,0.534261521848676
470,0.538265766515596
471,0.509250409571513
472,0.52378658087886
473,0.504749829347828
474,0.487583702229889
475,0.503050568424938
476,0.516515061861031
477,0.492670381962108
478,0.489340268896796
479,0.517763208972465
480,0.507854684345455
481,0.490622472102859
482,0.539332248290513
483,0.540186292987414
484,0.512807984445489
485,0.520241358874324
486,0.539230118129693
487,0.527739003471772
488,0.570080970879621
489,0.501867126958837
490,0.507175725234088
491,0.5812518149104
492,0.499196019134438
493,0.523698582611225
494,0.535040375477807
495,0.52077668855044
496,0.505991722711417
497,0.505397868718978
498,0.500209810796971
499,0.532221034123432
500,0.545949398754859
501,0.494861306782505
502,0.526758076011021
503,0.50585601642355
504,0.523242719290197
505,0.539599905594458
506,0.511736499473814
507,0.517542957803473
508,0.530116865070441
509,0.525609832264907
510,0.533512974648354
511,0.498378166234243
512,0.487042609724469
513,0.489588734826838
514,0.538643856365706
515,0.570880119999362
516,0.541900297461758
517,0.503027277710672
518,0.510569534543778
519,0.54162437500874
520,0.537309778830122
521,0.53173259538188
522,0.529223795457346
523,0.563163063658356
524,0.49936961951766
525,0.522225003404736
526,0.499216601681309
527,0.507964113902498
528,0.509992322146922
529,0.496936031070479
530,0.51493838763709
531,0.506465096453592
532,0.549375207046045
533,0.500739410551262
534,0.513487909236343
535,0.526764286009027
536,0.522644344114398
537,0.493065908810772
538,0.499035055937838
539,0.511600698367612
540,0.515755638457625
541,0.532236722018628
542,0.562261291941089
543,0.531074317204311
544,0.518533324912596
545,0.525227654236269
546,0.554346987994138
547,0.529557785648572
548,0.521089219735701
549,0.571502005979111
550,0.508428330132842
551,0.500098382266705
552,0.517966459860012
553,0.523261478934288
554,0.511642425048012
555,0.510601882769305
556,0.540010147426487
557,0.490098689659059
558,0.511138884917271
559,0.525397604581099
560,0.518084858367115
561,0.497350207130976
562,0.540874359436962
563,0.516824270567831
564,0.514725568510283
565,0.544471297559341
566,0.51330900037538
567,0.518814049464778
568,0.553210989446163
569,0.519982459396803
570,0.490403786259888
571,0.543608659722052
572,0.513572930207759
573,0.504329048876469
574,0.526788692449518
575,0.527827847129407
576,0.527596309701757
577,0.536746987912938
578,0.528880360461159
579,0.557887390997862
580,0.498638704178595
581,0.49357475348776
582,0.527120833851931
583,0.599269217993225
584,0.521640557001089
585,0.497171042915884
586,0.503395013639296
587,0.500667029227306
588,0.494423898383075
589,0.539377584067474
590,0.517921296918907
591,0.546579390759424
592,0.518172388095407
593,0.542536484517798
594,0.487577040483604
595,0.515877962570757
596,0.545869091224199
597,0.497725526700367
598,0.527189697608342
599,0.540202280182884
600,0.499021239298958
601,0.543457545974222
602,0.489934240776194
603,0.511593824095701
604,0.493852147446832
605,0.512003232584731
606,0.569190155396379
607,0.534901059959608
608,0.511339374256105
609,0.527484169412157
610,0.496525546857299
611,0.534187507308994
612,0.491711933645996
613,0.530139397269276
614,0.509839082515003
615,0.540182431388687
616,0.485910742943464
617,0.53820385458663
618,0.494175770940387
619,0.507796601936549
620,0.49519413795027
621,0.495519517814793
622,0.551286037170448
623,0.528407980013347
624,0.517479701696889
625,0.547634363808047
626,0.572472532230008
627,0.509078557066227
628,0.518256278319489
629,0.525514928207413
630,0.591187155513354
631,0.511787909341263
632,0.561094343099168
633,0.550421002729616
634,0.617720358363089
635,0.542971933852479
636,0.494097540647813
637,0.538044788410554
638,0.573279701622861
639,0.505429036000722
640,0.530228049236866
641,0.552737835689929
642,0.512669977163769
643,0.554866758396415
644,0.542530001548907
645,0.495570355651287
646,0.512883578066165
647,0.514799829201185
648,0.508148163574887
649,0.536890802636506
650,0.53792038475636
651,0.506540878357043
652,0.515795112627862
653,0.534066271995404
654,0.566424739924399
655,0.506405532922005
656,0.486653605473332
657,0.489394975934134
658,0.547731079337437
659,0.501720621532299
660,0.518631124897267
661,0.508797008296615
662,0.51761651031378
663,0.52621880216495
664,0.499488133418953
665,0.516464466761417
666,0.498561699785803
667,0.499479594472192
668,0.502467812582016
669,0.506627689346666
670,0.512625085270831
671,0.495077464075039
672,0.53546333039998
673,0.500978503169475
674,0.505499870903064
675,0.538899653528606
676,0.517047080133529
677,0.510949370219441
678,0.532397318322946
679,0.531479911372227
680,0.511200866012303
681,0.517857467339085
682,0.507663442364397
683,0.496852081205689
684,0.502843140368888
685,0.525038049800784
686,0.503132060636084
687,0.513134591569827
688,0.524654001399253
689,0.500205053087593
690,0.541566027291295
691,0.588748077172779
692,0.53176717589732
693,0.485127119724314
694,0.50052691488555
695,0.492787904500381
696,0.541808420323012
697,0.508252231759047
698,0.545178672583785
699,0.492106282296859
700,0.508373855871143
701,0.508633044309389
702,0.501234970420783
703,0.515360383461588
704,0.531995371265557
705,0.517687578786456
706,0.503279028446013
707,0.534224217554156
708,0.525861558186158
709,0.49976788211126
710,0.516530305854686
711,0.499186472661282
712,0.533935442468132
713,0.514427146345687
714,0.520933216890238
715,0.508927915872491
716,0.522845358528911
717,0.520154615307289
718,0.516226237697355
719,0.555177309378702
720,0.521773862024809
721,0.518535099633037
722,0.585509222388831
723,0.529188607039067
724,0.561089480627167
725,0.516249382316728
726,0.581965663961662
727,0.536811200430139
728,0.537853339610118
729,0.558218606071607
730,0.495944735022196
731,0.560423427377372
732,0.538929582478098
733,0.502792252617841
734,0.526234796219464
735,0.515988134678549
736,0.536706263743835
737,0.505067492077366
738,0.508496446674814
739,0.553886398388696
740,0.541013179072465
741,0.515112243363491
742,0.511463848300042
743,0.50538314463833
744,0.496290426230526
745,0.500809566979203
746,0.494733181511598
747,0.502039257819679
748,0.54127661539147
749,0.560880077356125
750,0.531348879461007
751,0.503416009040481
752,0.541849432119192
753,0.525482588692332
754,0.515065323421718
755,0.527111984401996
756,0.506158689148342
757,0.50057086422439
758,0.530179302563759
759,0.500537260044356
760,0.512172487038145
761,0.52739603638664
762,0.508036381945553
763,0.512199026476257
764,0.499983686418206
765,0.537706161747592
766,0.51622349192824
767,0.496195398797183
768,0.528771042952125
769,0.560249048385576
770,0.517463315104083
771,0.510292446599453
772,0.55937650817278
773,0.517056978821779
774,0.491368741477447
775,0.610407852482533
776,0.521659757388971
777,0.526311751869604
778,0.517327612935654
779,0.533836845334647
780,0.506941965220357
781,0.588561832695568
782,0.508527675576076
783,0.525933043009253
784,0.490871060659713
785,0.502683314155373
786,0.508851221754938
787,0.528888599548489
788,0.494369312690626
789,0.538368960010602
790,0.544640334913665
791,0.521648412485877
792,0.53376041263877
793,0.549453758876874
794,0.525460069360595
795,0.508786321070494
796,0.494992852401767
797,0.50947692855488
798,0.533666009928704
799,0.514229356319207
800,0.508712973827054
801,0.53425169573107
802,0.500867917591943
803,0.529508162253382
804,0.506316259380251
805,0.51911452590305
806,0.518087340908817
807,0.523944978614481
808,0.501874381585051
809,0.556969571690691
810,0.540792580473965
811,0.539427043984432
812,0.528602569554842
813,0.531472754963589
814,0.508383191770595
815,0.52590167382419
816,0.490344511138756
817,0.496000948533022
818,0.51567491409116
819,0.553342447781818
820,0.544602350007242
821,0.504082791811025
822,0.519851780592205
823,0.512812246740766
824,0.48851508609215
825,0.498350393425466
826,0.477114215914189
827,0.521582401443965
828,0.493864429429848
829,0.491313892014259
830,0.509416680481004
831,0.539809567893663
832,0.499968400134999
833,0.56406030167686
834,0.537105894738984
835,0.550950059724266
836,0.539512900826285
837,0.524991778749663
838,0.551207878599101
839,0.510583620191459
840,0.543997034491915
841,0.527942813022119
842,0.548421821862003
843,0.504452337017683
844,0.496639671313654
845,0.513064231213502
846,0.571241889503315
847,0.561778893853624
848,0.514426574661168
849,0.482267500917934
850,0.533640950993373
851,0.494205602943929
852,0.517432319740864
853,0.506477055490686
854,0.567270834820448
855,0.508782788046841
856,0.51675367258977
857,0.622082543533119
858,0.496673029270633
859,0.50012337894688
860,0.587189231477765
861,0.505888371620658
862,0.51088710686695
863,0.517815741515811
864,0.514063986800097
865,0.514582948283819
866,0.558982818692783
867,0.538257881495694
868,0.516683115474167
869,0.56509069271213
870,0.550643822947469
871,0.538805243745847
872,0.51374525335114
873,0.484757232268472
874,0.489909824277015
875,0.513236292664639
876,0.510424288853955
877,0.52778092084027
878,0.48953157191489
879,0.50220164545868
880,0.51654021170491
881,0.549469852512977
882,0.513539952659355
883,0.53041294500559
884,0.502562701799091
885,0.508720034282918
886,0.546355800554892
887,0.533440488781343
888,0.512296944810599
889,0.527503123375583
890,0.541110930684037
891,0.533506730756957
892,0.559820484066998
893,0.53951091607779
894,0.521084698896135
895,0.515682980988317
896,0.530670198547892
897,0.568659950573217
898,0.515809326978867
899,0.527400704330574
900,0.507630831286086
901,0.513482983825754
902,0.515438108281294
903,0.515743827366714
904,0.511172477005811
905,0.492280446342177
906,0.534547499605114
907,0.500573498973755
908,0.493561826148972
909,0.548971087672014
910,0.504773967682292
911,0.547207418398521
912,0.498689749681835
913,0.536001729577246
914,0.497706556903009
915,0.489225844666265
916,0.500738784039043
917,0.504153517274495
918,0.511292623287176
919,0.586378972345385
920,0.551791386141374
921,0.540377835290782
922,0.511476543933514
923,0.516212783031211
924,0.517028709475585
925,0.512461111487601
926,0.4920010636935
927,0.507077030464892
928,0.505354930002732
929,0.563880073370553
930,0.495282593501332
931,0.496020385057568
932,0.52855902152627
933,0.516582550022714
934,0.498647810127767
935,0.487488312091384
936,0.505915846940397
937,0.509817280161286
938,0.553808066115515
939,0.538756081564343
940,0.544753907518963
941,0.502655166230513
942,0.508500301096964
943,0.526911242347875
944,0.511895183372069
945,0.500624146917722
946,0.500917749258456
947,0.535203592801108
948,0.593203887741484
949,0.512922703457746
950,0.545489526717881
951,0.521089643923255
952,0.502328830237467
953,0.54526332165275
954,0.517577959949664
955,0.523902738704968
956,0.555538980431832
957,0.514271564537996
958,0.53828599612282
959,0.528299996200238
960,0.539142546206741
961,0.504833842872376
962,0.486468706565834
963,0.500491397571435
964,0.511613817530589
965,0.522217837318878
966,0.496879070843736
967,0.518360159840091
968,0.544161087875377
969,0.510961411691248
970,0.503687361684876
971,0.493678270988435
972,0.513630809994133
973,0.508218110892328
974,0.509621492108854
975,0.512734006722051
976,0.535327584463074
977,0.503820638168461
978,0.500049468305835
979,0.501402657549582
980,0.480659140598854
981,0.540644857263943
982,0.519733894651002
983,0.530351032438644
984,0.522412834420139
985,0.500933504161819
986,0.503031652631678
987,0.545106455093
988,0.492764827047344
989,0.550854072429342
990,0.511234170306389
991,0.50569789251136
992,0.532715748528341
993,0.503779300968771
994,0.51906567188594
995,0.509642494941173
996,0.499829878238809
997,0.522096434086601
998,0.564594256807378
999,0.527558689503006
1000,0.512175079661166
1001,0.516450109832026
1002,0.574266730822182
1003,0.535340715975699
1004,0.536855881099207
1005,0.526256268343019
1006,0.561692394119207
1007,0.487912956516227
1008,0.607852486593386
1009,0.521597229570566
1010,0.510437612760897
1011,0.494601734199924
1012,0.517723014091122
1013,0.565302120985311
1014,0.530172039612315
1015,0.500095249359868
1016,0.507199468886947
1017,0.552284977618034
1018,0.50959714264416
1019,0.518232510991421
1020,0.505797143850785
1021,0.561798367439969
1022,0.50350234293187
1023,0.504707846239894
1024,0.527767207083963
1025,0.498305809417443
1026,0.524512141864331
1027,0.542030047918679
1028,0.498986565723008
1029,0.534005396749553
1030,0.510086504765348
1031,0.515888081178216
1032,0.564075071420853
1033,0.511066846422997
1034,0.520510765992596
1035,0.509449054701538
1036,0.517474894070468
1037,0.570965017945926
1038,0.491172309221369
1039,0.541160256617687
1040,0.550430670998779
1041,0.493456685501575
1042,0.497153430146996
1043,0.511731539645134
1044,0.537943050894446
1045,0.521692884221624
1046,0.509004423213366
1047,0.542116266450693
1048,0.518046690340872
1049,0.495591651170893
1050,0.522410462820212
1051,0.512227487981458
1052,0.511318142778826
1053,0.515210962579277
1054,0.516692303035802
1055,0.506803449580025
1056,0.518048678936141
1057,0.488569553979239
1058,0.503554995064455
1059,0.493980290268557
1060,0.55544579788195
1061,0.523909492616839
1062,0.506513764131527
1063,0.537574706600471
1064,0.515806962806041
1065,0.488758009413716
1066,0.491694638237453
1067,0.522189598255978
1068,0.504945879178001
1069,0.501691771666501
1070,0.541441276713861
1071,0.512476551875739
1072,0.570380490757095
1073,0.521049188732763
1074,0.516475407790508
1075,0.490836392479144
1076,0.527801131423576
1077,0.517189399704503
1078,0.558305099897885
1079,0.543002192277472
1080,0.513838716857405
1081,0.537265010452837
1082,0.537607156130559
1083,0.518184557984496
1084,0.534433587811593
1085,0.54341752840046
1086,0.495929811850655
1087,0.509500612278571
1088,0.531808947445094
1089,0.497639078362388
1090,0.539605871311556
1091,0.558137083001392
1092,0.512255060544687
1093,0.514593530352371
1094,0.508913413534795
1095,0.50969032999487
1096,0.51372141005508
1097,0.516409484155087
1098,0.496168001196557
1099,0.55361211763441
1100,0.553592627597075
1101,0.540172042110601
1102,0.545657714672208
1103,0.533418692153404
1104,0.507549211987595
1105,0.522934407959032
1106,0.509118792322602
1107,0.517430389044576
1108,0.498092726421053
1109,0.539541665391446
1110,0.50825179347184
1111,0.507384768408963
1112,0.531419782774129
1113,0.560098959437033
1114,0.514989906437974
1115,0.585979647244459
1116,0.562992668498879
1117,0.52039562054134
1118,0.525783504095489
1119,0.524274264038862
1120,0.487167236399387
1121,0.502893264812978
1122,0.540245231937349
1123,0.503898416284093
1124,0.5123874797943
1125,0.493004136234938
1126,0.543475950988636
1127,0.521789488674401
1128,0.507835392188259
1129,0.532819059915109
1130,0.501267758220928
1131,0.513777991932861
1132,0.543511127594303
1133,0.522537200717031
1134,0.509508252645757
1135,0.560484647884962
1136,0.52432855395155
1137,0.520616148707986
1138,0.536222013982418
1139,0.492343314329881
1140,0.489419151001263
1141,0.513085138560814
1142,0.500085114562413
1143,0.500486792620022
1144,0.515552593109661
1145,0.479934469762662
1146,0.506566896820555
1147,0.55404152592178
1148,0.520129128692243
1149,0.520387324813593
1150,0.531073456213426
1151,0.510948201891947
1152,0.523290502208271
1153,0.512389096585124
1154,0.552745842817943
1155,0.557556653592385
1156,0.553341964958042
1157,0.537253146201852
1158,0.522274401168597
1159,0.500013954983165
1160,0.597549239221161
1161,0.504398741782578
1162,0.531772662701272
1163,0.50545085582508
1164,0.509906918368347
1165,0.507388977687369
1166,0.504741158267843
1167,0.493793348342463
1168,0.508435204976493
1169,0.525748269547599
1170,0.514387704487108
1171,0.539104508987351
1172,0.502181658042603
1173,0.505833136900999
1174,0.547786981806478
1175,0.510262038147745
1176,0.589572101675098
1177,0.525364763996355
1178,0.533474229127234
1179,0.506975729009594
1180,0.524959281518047
1181,0.499278997222739
1182,0.573924585271502
1183,0.534507074380109
1184,0.511626944398734
1185,0.536828593971363
1186,0.50545612734956
1187,0.485394465257998
1188,0.58621340805419
1189,0.492094726142299
1190,0.50912301073309
1191,0.498335975288338
1192,0.529889691756002
1193,0.51611105467043
1194,0.520803639769915
1195,0.51720838988585
1196,0.506584232807429
1197,0.546447707726076
1198,0.568664543599168
1199,0.524105138465949
1200,0.509469105364081
1201,0.533535251962728
1202,0.539386545089545
1203,0.510267296930682
1204,0.491982885935312
1205,0.516595172003906
1206,0.527996084694028
1207,0.510441849342008
1208,0.542185361491486
1209,0.525921620616444
1210,0.549814985701063
1211,0.507382396456785
1212,0.502668013157415
1213,0.535539023773384
1214,0.555501380704005
1215,0.540231794059597
1216,0.542022754454675
1217,0.515561706455763
1218,0.511117579507607
1219,0.52792539049788
1220,0.511156394742373
1221,0.493672656354089
1222,0.504789737010409
1223,0.514821945340026
1224,0.510523718130242
1225,0.555721212450527
1226,0.521963915803888
1227,0.518747554260117
1228,0.504155597550929
1229,0.53073265001742
1230,0.529852476183145
1231,0.521952208863424
1232,0.534053686970672
1233,0.534421900328633
1234,0.505968493364726
1235,0.530596690296097
1236,0.506738507409505
1237,0.572665713343209
1238,0.491805744347823
1239,0.496570707760168
1240,0.508468665824381
1241,0.515699010590273
1242,0.51348034432607
1243,0.602367941136433
1244,0.489117955135336
1245,0.503838418734315
1246,0.520847953237062
1247,0.540407360666517
1248,0.499673463323669
1249,0.501639911455948
1250,0.527983267144413
1251,0.528723569655359
1252,0.497137411268098
1253,0.515021214541474
1254,0.501139836551238
1255,0.527265189787693
1256,0.510119777994194
1257,0.514183052830585
1258,0.497002642113428
1259,0.509151710003471
1260,0.5359600706147
1261,0.522618100933602
1262,0.548854526292804
1263,0.50405850592943
1264,0.523582497111474
1265,0.501264293625355
1266,0.509644698368835
1267,0.522014759854626
1268,0.511294320336175
1269,0.495889028013557
1270,0.513282059296799
1271,0.493549590558651
1272,0.485890726082402
1273,0.572269072289608
1274,0.496849090688002
1275,0.531690793945375
1276,0.521604090522487
1277,0.504797089174256
1278,0.55661839065053
1279,0.518863333514387
1280,0.533268091812023
1281,0.502565044025517
1282,0.514735631982848
1283,0.55414389150236
1284,0.527756332897279
1285,0.510979554031988
1286,0.488305032257791
1287,0.558658773022322
1288,0.518169900181104
1289,0.517546722965781
1290,0.504535861043671
1291,0.527547302123222
1292,0.544375174542453
1293,0.495469809893094
1294,0.491895546600033
1295,0.52296604807567
1296,0.497700696467642
1297,0.534055710428909
1298,0.519317414410066
1299,0.530517303090704
1300,0.503070557826085
1301,0.514280386852908
1302,0.489292753815517
1303,0.544753984831092
1304,0.509665358553726
1305,0.558490210610871
1306,0.502595087531782
1307,0.508145483956565
1308,0.519077256023606
1309,0.48719440548807
1310,0.504204256127217
1311,0.543978420098274
1312,0.527457696919459
1313,0.536558895487755
1314,0.544912273763829
1315,0.542389163006511
1316,0.533704170684217
1317,0.496955035121498
1318,0.531878668574898
1319,0.505993205676334
1320,0.526258218840014
1321,0.501416592676043
1322,0.533940773983958
1323,0.502259338064618
1324,0.526241643268895
1325,0.491471337840759
1326,0.496040523730872
1327,0.537278388615334
1328,0.519811269702253
1329,0.501164604897493
1330,0.541424001625035
1331,0.509101355960696
1332,0.507061526427213
1333,0.493894838909174
1334,0.498531795775837
1335,0.503972250985865
1336,0.520920671626833
1337,0.50639785289805
1338,0.537056768602159
1339,0.520853065892983
1340,0.540032314689577
1341,0.515013082274839
1342,0.511996457370452
1343,0.515706718957606
1344,0.537833385437979
1345,0.506271970779022
1346,0.504315075236642
1347,0.494415799347021
1348,0.512238558748883
1349,0.506912304428317
1350,0.532637958976055
1351,0.536095686318735
1352,0.597564898091353
1353,0.541732501843991
1354,0.510169068556042
1355,0.514703234812028
1356,0.516035622755148
1357,0.574051850542834
1358,0.516348831536155
1359,0.515670606337971
1360,0.497909318012881
1361,0.583028270082893
1362,0.528790209759026
1363,0.508009241724719
1364,0.498750546175512
1365,0.525755100286299
1366,0.502625089319038
1367,0.524276433279857
1368,0.499463344491178
1369,0.520628224701605
1370,0.530408279120713
1371,0.536306003361994
1372,0.516673993186295
1373,0.529923956380415
1374,0.526037472589062
1375,0.504575654861851
1376,0.569528537497239
1377,0.506141626456083
1378,0.546674552935246
1379,0.539934991911915
1380,0.579975758631186
1381,0.52024450869372
1382,0.504327148680998
1383,0.513866546676617
1384,0.508636957859437
1385,0.50886541332747
1386,0.536270952825961
1387,0.502946333281061
1388,0.498364190658663
1389,0.53098593924839
1390,0.499662498838069
1391,0.495943413185846
1392,0.585077061293543
1393,0.511967460700032
1394,0.541040678221897
1395,0.520807169984238
1396,0.524698499987857
1397,0.492102718496925
1398,0.506545832185639
1399,0.57338839407604
1400,0.502405337019723
1401,0.550936526491177
1402,0.564806430063382
1403,0.509242378100391
1404,0.511514636405064
1405,0.539659315146952
1406,0.54982306971231
1407,0.521109256738108
1408,0.526900409920124
1409,0.501804465119717
1410,0.501406709386718
1411,0.498769906749131
1412,0.520127168951863
1413,0.541731316820429
1414,0.509400985236319
1415,0.547606182007575
1416,0.519297666746961
1417,0.526401579025306
1418,0.502065503595629
1419,0.51048541785359
1420,0.494697952061333
1421,0.509723900542287
1422,0.536070982638178
1423,0.554723134546882
1424,0.53436502474681
1425,0.525973158529769
1426,0.565798140950829
1427,0.578820893377369
1428,0.548458384011825
1429,0.489213051693056
1430,0.527971649843583
1431,0.521837165866575
1432,0.527448936517546
1433,0.500089925262136
1434,0.511044322019606
1435,0.528628504526877
1436,0.518137023092976
1437,0.494449460448358
1438,0.535811624090296
1439,0.52639793775097
1440,0.519114396253473
1441,0.515293927277312
1442,0.494536191676218
1443,0.522799908829546
1444,0.50057754465297
1445,0.554717353913758
1446,0.559077882915852
1447,0.518274707002131
1448,0.519700388132966
1449,0.526109088810072
1450,0.514355208071039
1451,0.499472575002844
1452,0.568424809471588
1453,0.500000427631315
1454,0.547820781661557
1455,0.529398741902516
1456,0.525270282267978
1457,0.520252653139819
1458,0.529270597941658
1459,0.516593022648095
1460,0.496172586168198
1461,0.517970649688439
1462,0.546081256243566
1463,0.506762092519246
1464,0.505445768017613
1465,0.536955952203127
1466,0.556350286255756
1467,0.49975444867161
1468,0.513890649306522
1469,0.51799260762471
1470,0.557771001851977
1471,0.532008143589369
1472,0.493925273595756
1473,0.502590420731408
1474,0.529719039458513
1475,0.510459761499266
1476,0.54084794125239
1477,0.51477600094559
1478,0.556715441061218
1479,0.508465130806392
1480,0.496875313039175
1481,0.549749139569481
1482,0.553834200689162
1483,0.514425960660341
1484,0.518368278135741
1485,0.496521983336124
1486,0.506709311612649
1487,0.532313178164672
1488,0.563273264585681
1489,0.507835101965948
1490,0.527004774268058
1491,0.488480468909043
1492,0.523781476183047
1493,0.562338168415509
1494,0.508524475551766
1495,0.501799414958893
1496,0.508942084798588
1497,0.553106608334196
1498,0.511971089762729
1499,0.521841097227372
1500,0.527873106516335
1501,0.501662792089286
1502,0.493370624293659
1503,0.494579475616656
1504,0.501828966588892
1505,0.528393857762087
1506,0.50011249542676
1507,0.524690769922623
1508,0.518362350355547
1509,0.546892027981488
1510,0.497103268681246
1511,0.520318092368997
1512,0.539092499568665
1513,0.5078505176385
1514,0.529359434841224
1515,0.493943837648411
1516,0.540550961800232
1517,0.507084449568158
1518,0.50139889858804
1519,0.497822625437831
1520,0.518464220170386
1521,0.539740959739457
1522,0.526257799648723
1523,0.536634568778929
1524,0.494602082727295
1525,0.523022903252012
1526,0.508210829152011
1527,0.502303325667476
1528,0.492497156922689
1529,0.522467084942664
1530,0.557036075995788
1531,0.515875386073594
1532,0.509227637901865
1533,0.541039013231328
1534,0.5622160954424
1535,0.513595353461898
1536,0.508883217257499
1537,0.507268641327321
1538,0.54875413519636
1539,0.4975246860295
1540,0.572049797240231
1541,0.551385316621726
1542,0.546566409869491
1543,0.557811346048587
1544,0.511919493403538
1545,0.539880118743681
1546,0.491494353823628
1547,0.486553512547692
1548,0.498430173054886
1549,0.519032130503684
1550,0.503368074043428
1551,0.501378874371546
1552,0.551670340031994
1553,0.507206912445475
1554,0.538076618127783
1555,0.524284219883826
1556,0.501972825346534
1557,0.529829462532382
1558,0.523597526544286
1559,0.49389269228528
1560,0.529311336755813
1561,0.518757193237069
1562,0.525573704412182
1563,0.509838156374347
1564,0.53205873393996
1565,0.539941803809785
1566,0.496219016318983
1567,0.545404611020709
1568,0.547296236229105
1569,0.53033402772573
1570,0.510154865650706
1571,0.532170088732088
1572,0.522169237672329
1573,0.489246420843521
1574,0.525961228326788
1575,0.512160764304919
1576,0.510326733563761
1577,0.530268782729195
1578,0.53430698769739
1579,0.482740439027114
1580,0.520971176219175
1581,0.535530459712301
1582,0.53432260030139
1583,0.50723759846023
1584,0.533688349488868
1585,0.524064057777898
1586,0.515429016030813
1587,0.529949509197243
1588,0.49728031532914
1589,0.558980310946282
1590,0.541312142079855
1591,0.497859189307967
1592,0.525496229309166
1593,0.518628455584029
1594,0.523167821226346
1595,0.526737464624324
1596,0.504728958229318
1597,0.508648451329411
1598,0.512233644031904
1599,0.507605289112883
1600,0.537796339470108
1601,0.49546598613522
1602,0.514887784134705
1603,0.522053914970961
1604,0.508689982312361
1605,0.556884659637167
1606,0.504755221976371
1607,0.542184835958644
1608,0.545835285067042
1609,0.522928010774869
1610,0.512507248961549
1611,0.549394710006183
1612,0.544935568980232
1613,0.493685239585585
1614,0.508931838690733
1615,0.583197296435526
1616,0.511114770645721
1617,0.561872407269979
1618,0.51387493143551
1619,0.516652207047353
1620,0.511189709995267
1621,0.544689681393845
1622,0.519699361694592
1623,0.496074803469647
1624,0.488695586591245
1625,0.483182289270301
1626,0.540868118008685
1627,0.526200804815549
1628,0.49560743280566
1629,0.520503464237695
1630,0.515797772720052
1631,0.516523956336611
1632,0.499752273127545
1633,0.485160428298609
1634,0.545270251236806
1635,0.494133123136184
1636,0.53413481691352
1637,0.518784401708029
1638,0.522547122103121
1639,0.54447574892416
1640,0.523206042422616
1641,0.560576478778235
1642,0.510813990577014
1643,0.561007666711368
1644,0.553159007680221
1645,0.513439423478425
1646,0.532251542991783
1647,0.56213930107771
1648,0.509717798720324
1649,0.506737925325796
1650,0.517347052210045
1651,0.568135836354821
1652,0.484993295505303
1653,0.502308942065974
1654,0.540597780332532
1655,0.523776949643501
1656,0.549886574670767
1657,0.521109690035016
1658,0.492178261223025
1659,0.502240049255848
1660,0.534660728469633
1661,0.500196480380254
1662,0.498344035898734
1663,0.513382825752068
1664,0.53702282750791
1665,0.532834559998953
1666,0.531783988937225
1667,0.499513896605199
1668,0.538117381522796
1669,0.55537884655281
1670,0.544877719771528
1671,0.515884800072666
1672,0.505101764913813
1673,0.511067895924603
1674,0.514986915465326
1675,0.540274157399838
1676,0.497856409110663
1677,0.551190257174272
1678,0.564605191307835
1679,0.492465038372197
1680,0.551948298585528
1681,0.503123792088683
1682,0.502238525201347
1683,0.540020902422448
1684,0.512997507518707
1685,0.51954992265376
1686,0.485442195214807
1687,0.511951603752709
1688,0.529688579210301
1689,0.507670327173003
1690,0.518039178255471
1691,0.500923437012186
1692,0.514446369801563
1693,0.536591928759762
1694,0.538124697747055
1695,0.497205032233393
1696,0.518773085660381
1697,0.510041463693411
1698,0.522793892496952
1699,0.520474792019288
1700,0.551244472594971
1701,0.528645601435168
1702,0.548817938586772
1703,0.525184069337298
1704,0.510945734268091
1705,0.502988717859452
1706,0.510175209444563
1707,0.519338245787587
1708,0.521853193642143
1709,0.513282643838913
1710,0.528159177423967
1711,0.508769976979582
1712,0.504955336807778
1713,0.517262968438202
1714,0.535363933101186
1715,0.5182574519273
1716,0.518411550700381
1717,0.509983572678065
1718,0.504361488366279
1719,0.505877243510399
1720,0.495550621157575
1721,0.539414753574502
1722,0.514724032515575
1723,0.532728463190777
1724,0.542212813093295
1725,0.525811596740762
1726,0.505842737815772
1727,0.519283114833222
1728,0.524657518973929
1729,0.505763663853459
1730,0.49987408531761
1731,0.522800849527084
1732,0.5447425438939
1733,0.584345124512277
1734,0.492881096005543
1735,0.52841970819049
1736,0.539812879144662
1737,0.535739733909048
1738,0.522218225729292
1739,0.519795816112486
1740,0.51491262545055
1741,0.534666190660441
1742,0.52717252456025
1743,0.508279772139444
1744,0.519798910741593
1745,0.558622003850707
1746,0.539481740466309
1747,0.510555657305316
1748,0.507231945969689
1749,0.523317385009394
1750,0.510693005350771
1751,0.525643996468891
1752,0.584464555459163
1753,0.530458227693381
1754,0.535380920895216
1755,0.542520011156193
1756,0.505546966692211
1757,0.535662313183371
1758,0.490408073066807
1759,0.511776017338322
1760,0.551078408176752
1761,0.558001405199822
1762,0.534780108454146
1763,0.553520595454849
1764,0.502808431797158
1765,0.550811021773488
1766,0.543144562948586
1767,0.531211116506064
1768,0.491947228054678
1769,0.516111278274486
1770,0.56521517023702
1771,0.526787561523398
1772,0.537388357251083
1773,0.50868959012441
1774,0.519139683191906
1775,0.499377880000941
1776,0.53181010850318
1777,0.527070055078934
1778,0.500313084517215
1779,0.511823935964946
1780,0.535023059176327
1781,0.523141187603904
1782,0.518793227165138
1783,0.48688257799779
1784,0.519290685543278
1785,0.540975804993985
1786,0.549986555801185
1787,0.549599258907031
1788,0.542981287261563
1789,0.521090003640531
1790,0.534592303588553
1791,0.505080081204056
1792,0.519709288775046
1793,0.53478357241084
1794,0.556502485157406
1795,0.483565148821814
1796,0.503666686256055
1797,0.523743942664733
1798,0.528770917909662
1799,0.525959390864304
1800,0.499810934931035
1801,0.532138947153184
1802,0.572209892609669
1803,0.503432478770717
1804,0.538066414355888
1805,0.509919157141093
1806,0.518238839917842
1807,0.504517649102952
1808,0.573992560476248
1809,0.535213310950146
1810,0.503751239144902
1811,0.516624411374834
1812,0.505635239999291
1813,0.525350351408353
1814,0.533252801144252
1815,0.520885031072817
1816,0.579414929662605
1817,0.502973556825455
1818,0.540704569569192
1819,0.500563763229315
1820,0.48984294027608
1821,0.511456369836963
1822,0.518623114677997
1823,0.570554847735089
1824,0.527592411236164
1825,0.540684898540375
1826,0.536492314902721
1827,0.496324188668953
1828,0.510123216534644
1829,0.493124843632262
1830,0.501210863267694
1831,0.49215850660744
1832,0.516805860764767
1833,0.506760484045018
1834,0.495171099799372
1835,0.554406232571983
1836,0.526468342833193
1837,0.5016831808409
1838,0.509075020346735
1839,0.519553968924505
1840,0.513644542731348
1841,0.585788722098119
1842,0.510827551394298
1843,0.517539259026965
1844,0.503539404517473
1845,0.540178875196964
1846,0.509740374814976
1847,0.537959314544141
1848,0.512909079638367
1849,0.503986823877942
1850,0.498595027803852
1851,0.542048550217145
1852,0.549823954896228
1853,0.492793310156177
1854,0.534329157257879
1855,0.53428160495541
1856,0.497747306356214
1857,0.510262308783604
1858,0.503141729600919
1859,0.573991294599138
1860,0.507727910016985
1861,0.509267427512227
1862,0.532100234137571
1863,0.517954502457482
1864,0.519818454858756
1865,0.539073744197693
1866,0.497625262995187
1867,0.557323495515227
1868,0.537255352778745
1869,0.503485491954358
1870,0.513246882463467
1871,0.563645243921825
1872,0.563141855964259
1873,0.516836993727335
1874,0.523471615310051
1875,0.510800057778088
1876,0.49630895280821
1877,0.508570622464593
1878,0.530872947141352
1879,0.541369581133947
1880,0.518406405728062
1881,0.485206143683113
1882,0.528463913853893
1883,0.52241647953929
1884,0.496799121145737
1885,0.507434583772049
1886,0.539265254973722
1887,0.532935044137999
1888,0.535972088229311
1889,0.516325994524025
1890,0.600299271064427
1891,0.480559913010113
1892,0.513302466438025
1893,0.54514545477501
1894,0.49810967197411
1895,0.511918960505541
1896,0.53419189541566
1897,0.489078182421607
1898,0.559252934215957
1899,0.523967202749237
1900,0.493729339795647
1901,0.539326923368273
1902,0.526387954101004
1903,0.5709210352895
1904,0.502392821889949
1905,0.492758569772917
1906,0.516759284880498
1907,0.536005854364871
1908,0.539786676514362
1909,0.51673452625626
1910,0.504235872365755
1911,0.541538165862383
1912,0.499868508260471
1913,0.541604566163495
1914,0.536639186892979
1915,0.559653100574542
1916,0.507998791717536
1917,0.546007106280355
1918,0.548916271912683
1919,0.51319576083548
1920,0.566435710303807
1921,0.483538986921418
1922,0.541476059371133
1923,0.506503587284328
1924,0.510870331816281
1925,0.523987559990928
1926,0.532696202147565
1927,0.510645856834844
1928,0.547708953471194
1929,0.534134492052779
1930,0.527264778896996
1931,0.531588707939724
1932,0.507515764019963
1933,0.549731088170219
1934,0.488752282507685
1935,0.537585749791567
1936,0.532290828049995
1937,0.585400426040021
1938,0.490180785554142
1939,0.538067411835895
1940,0.52069119035536
1941,0.526078272475208
1942,0.511476344323527
1943,0.509462096309003
1944,0.550068827475628
1945,0.499755084071431
1946,0.603201802330946
1947,0.549488667611481
1948,0.4864642246115
1949,0.500528736810963
1950,0.492992359102902
1951,0.573524270713388
1952,0.537027925476128
1953,0.521899069691494
1954,0.489911457887334
1955,0.504590421895209
1956,0.507612793769399
1957,0.525218767055539
1958,0.532165793972054
1959,0.536569271404202
1960,0.49510412683832
1961,0.50735410658575
1962,0.527188121562718
1963,0.507634897484454
1964,0.554284596936997
1965,0.519286437790844
1966,0.555985949205216
1967,0.493674481055297
1968,0.492637203801517
1969,0.494514493158707
1970,0.508897908285913
1971,0.54089078254793
1972,0.528860970828348
1973,0.499328004997412
1974,0.491469556314082
1975,0.520567218565951
1976,0.573289692950253
1977,0.506937585577186
1978,0.500725139941531
1979,0.48561045373756
1980,0.551153449755767
1981,0.534616331184501
1982,0.524889701898251
1983,0.514241944765382
1984,0.518105448313707
1985,0.537305996665076
1986,0.524146482021419
1987,0.526234672030222
1988,0.519825298700534
1989,0.508249202267787
1990,0.522116946986382
1991,0.530391999334392
1992,0.50620821462875
1993,0.52821203189088
1994,0.563253350668807
1995,0.516885504814452
1996,0.564048595108298
1997,0.520741422203682
1998,0.49983083140844
1999,0.495037575461921
2000,0.509399280100635
2001,0.515458051760201
2002,0.506679083920632
2003,0.490494385744997
2004,0.501779940300553
2005,0.515408027556642
2006,0.565193481796413
2007,0.516551631343836
2008,0.519522144606319
2009,0.509070684569737
2010,0.488575097397334
2011,0.509086861495342
2012,0.491003312165105
2013,0.536757799095702
2014,0.53074848078924
2015,0.527235439187968
2016,0.52198287730892
2017,0.504695716026751
2018,0.520289003400389
2019,0.52977822586796
2020,0.548049642242704
2021,0.550843846240001
2022,0.493459645463751
2023,0.519815915962647
2024,0.524285261329913
2025,0.525767867898517
2026,0.558891523357798
2027,0.50093621144974
2028,0.571344102790642
2029,0.517177962302245
2030,0.506544129764745
2031,0.508812343453373
2032,0.49574570107369
2033,0.532378425675803
2034,0.52761134710658
2035,0.487749615942611
2036,0.536556569077655
2037,0.527515117976394
2038,0.521419031378077
2039,0.533048891662669
2040,0.501000193475887
2041,0.507958800966513
2042,0.531217439360348
2043,0.497830261541051
2044,0.533543524575986
